,0,1,2,3,4,5,6,7
0,8/12,,,0,0,0,0,0/0
1,8/19,,,0,0,0,0,1/0
2,8/26,,,0,0,0,0,0/0
3,9/2,,,0,0,0,0,1/0
4,9/17,,,0,0,0,0,0/0
5,9/24,,,0,0,0,0,0/0
6,9/30,,,0,0,0,0,0/0
7,10/7,,,0,0,0,0,1/0
8,10/21,,,0,0,0,0,0/0
9,10/28,,-,-,-,-,-,-/-
10,11/4,,-,-,-,-,-,-/-
11,11/11,,,0,0,0,0,0/0
12,11/25,,,0,0,0,0,0/0
13,12/3,,,0,0,0,0,0/0
14,12/6,,,0,0,0,0,0/0
15,12/9,,,12/16,,,12/23,
16,,12/26,,,12/31,,,1/21
17,,,1/30,,,2/3,,
18,2/10,,,2/17,,,2/24,
19,,3/2,,,3/9,,,3/16
20,,,3/30,,,4/2,,
21,4/6,,,4/13,,,4/20,
22,,4/27,,,5/4,,,5/11
23,,,5/19,,,8/12,,-
24,-,-,-,-/-,8/19,,-,-
25,-,-,-/-,8/26,,-,-,-
26,-,-/-,9/2,,-,-,-,-
27,-/-,9/17,,-,-,-,-,-/-
28,9/24,,-,-,-,-,-/-,9/30
29,,-,-,-,-,-/-,10/7,
30,-,-,-,-,-/-,10/21,,-
31,-,-,-,-/-,10/28,,-,-
32,-,-,-/-,11/4,,-,-,-
33,-,-/-,11/11,,-,-,-,-
34,-/-,11/25,,-,-,-,-,-/-
35,12/3,,-,-,-,-,-/-,12/6
36,,-,-,-,-,-/-,12/9,
37,,12/16,,,12/23,,,12/26
38,,,12/31,,,1/21,,
39,1/30,,,2/3,,,2/10,
40,,2/17,,,2/24,,,3/2
41,,,3/9,,,3/16,,
42,3/30,,,4/2,,,4/6,
43,,4/13,,,4/20,,,4/27
44,,,5/4,,,5/11,,
45,5/19,,,8/12,,-,-,-
46,-,-,-/-,8/19,,-,-,-
47,-,-,-/-,8/26,,-,-,-
48,-,-,-/-,9/2,,-,-,-
49,-,-,-/-,9/17,,-,-,-
50,-,-,-/-,9/24,,-,-,-
51,-,-,-/-,9/30,,-,-,-
52,-,-,-/-,10/7,,-,-,-
53,-,-,-/-,10/21,,-,-,-
54,-,-,-/-,10/28,,,0,0
55,0,0,0/0,11/4,,,0,0
56,0,0,0/0,11/11,,-,-,-
57,-,-,-/-,11/25,,-,-,-
58,-,-,-/-,12/3,,-,-,-
59,-,-,-/-,12/6,,-,-,-
60,-,-,-/-,12/9,,,12/16,
61,,12/23,,,12/26,,,12/31
62,,,1/21,,,1/30,,
63,2/3,,,2/10,,,2/17,
64,,2/24,,,3/2,,,3/9
65,,,3/16,,,3/30,,
66,4/2,,,4/6,,,4/13,
67,,4/20,,,4/27,,,5/4
68,,,5/11,,,5/19,,
69,8/19,,-,-,-,-,-/-,8/28
70,,-,-,-,-,-/-,9/3,
71,-,-,-,-,-/-,9/16,,-
72,-,-,-,-/-,9/24,,-,-
73,-,-,-/-,9/27,,-,-,-
74,-,-/-,9/30,,-,-,-,-
75,-/-,10/7,,-,-,-,-,-/-
76,10/21,,-,-,-,-,-/-,10/29
77,,-,-,-,-,-/-,11/4,
78,-,-,-,-,-/-,11/12,,-
79,-,-,-,-/-,11/26,,-,-
80,-,-,-/-,12/3,,-,-,-
81,-,-/-,12/9,,,12/17,,
82,12/23,,,12/29,,,1/6,
83,,1/13,,,1/20,,,1/27
84,,,2/3,,,2/10,,
85,2/17,,,2/24,,,3/2,
86,,3/10,,,3/17,,,3/30
87,,,4/7,,,4/14,,
88,4/21,,,4/28,,,5/5,
89,,5/12,,,5/19,,,5/26
90,,,8/12,,-,-,-,-
91,-/-,8/19,,-,-,-,-,-/-
92,8/26,,-,-,-,-,-/-,9/2
93,,-,-,-,-,-/-,9/17,
94,-,-,-,-,-/-,9/24,,-
95,-,-,-,-/-,9/30,,-,-
96,-,-,-/-,10/7,,-,-,-
97,-,-/-,10/21,,-,-,-,-
98,-/-,10/28,,-,-,-,-,-/-
99,11/4,,-,-,-,-,-/-,11/11
100,,-,-,-,-,-/-,11/25,
101,-,-,-,-,-/-,12/3,,-
102,-,-,-,-/-,12/6,,-,-
103,-,-,-/-,12/9,,,12/16,
104,,12/23,,,12/26,,,12/31
105,,,1/21,,,1/30,,
106,2/3,,,2/10,,,2/17,
107,,2/24,,,3/2,,,3/9
108,,,3/16,,,3/30,,
109,4/2,,,4/6,,,4/13,
110,,4/20,,,4/27,,,5/4
111,,,5/11,,,5/19,,
112,8/12,,-,-,-,-,-,-/-
113,8/19,,,0,0,0,0,0/0
114,8/26,,,0,0,0,0,1/0
115,9/2,,-,-,-,-,-,-/-
116,9/17,,,0,0,0,0,0/0
117,9/24,,,0,0,0,0,0/0
118,9/30,,-,-,-,-,-,-/-
119,10/7,,-,-,-,-,-,-/-
120,10/21,,,0,0,0,0,0/0
121,10/28,,,0,0,0,1,0/0
122,11/4,,,0,0,0,0,0/0
123,11/11,,,0,0,0,0,0/0
124,11/25,,,0,0,0,0,0/0
125,12/3,,-,-,-,-,-,-/-
126,12/6,,-,-,-,-,-,-/-
127,12/9,,,12/16,,,12/23,
128,,12/26,,,12/31,,,1/21
129,,,1/30,,,2/3,,
130,2/10,,,2/17,,,2/24,
131,,3/2,,,3/9,,,3/16
132,,,3/30,,,4/2,,
133,4/6,,,4/13,,,4/20,
134,,4/27,,,5/4,,,5/11
135,,,5/19,,,8/12,,
136,0,0,0,0,1/0,8/19,,-
137,-,-,-,-,-/-,8/26,,-
138,-,-,-,-,-/-,9/2,,
139,0,0,0,0,0/0,9/17,,-
140,-,-,-,-,-/-,9/24,,-
141,-,-,-,-,-/-,9/30,,-
142,-,-,-,-,-/-,10/7,,-
143,-,-,-,-,-/-,10/21,,-
144,-,-,-,-,-/-,10/28,,
145,0,0,0,1,0/0,11/4,,
146,0,0,0,0,0/0,11/11,,-
147,-,-,-,-,-/-,11/25,,-
148,-,-,-,-,-/-,12/3,,
149,0,0,0,0,0/0,12/6,,-
150,-,-,-,-,-/-,12/9,,
151,12/16,,,12/23,,,12/26,
152,,12/31,,,1/21,,,1/30
153,,,2/3,,,2/10,,
154,2/17,,,2/24,,,3/2,
155,,3/9,,,3/16,,,3/30
156,,,4/2,,,4/6,,
157,4/13,,,4/20,,,4/27,
158,,5/4,,,5/11,,,5/19
159,,,8/12,,-,-,-,-
160,-,-/-,8/19,,-,-,-,-
161,-,-/-,8/26,,-,-,-,-
162,-,-/-,9/2,,-,-,-,-
163,-,-/-,9/17,,-,-,-,-
164,-,-/-,9/24,,-,-,-,-
165,-,-/-,9/30,,,0,0,0
166,0,0/0,10/7,,,0,0,0
167,0,0/0,10/21,,-,-,-,-
168,-,-/-,10/28,,,0,0,0
169,0,0/0,11/4,,-,-,-,-
170,-,-/-,11/11,,,0,0,0
171,0,0/0,11/25,,,0,0,1
172,0,0/0,12/3,,,0,0,0
173,0,0/0,12/6,,,0,0,0
174,0,0/0,12/9,,,12/16,,
175,12/23,,,12/26,,,12/31,
176,,1/21,,,1/30,,,2/3
177,,,2/10,,,2/17,,
178,2/24,,,3/2,,,3/9,
179,,3/16,,,3/30,,,4/2
180,,,4/6,,,4/13,,
181,4/20,,,4/27,,,5/4,
182,,5/11,,,5/19,,,8/12
183,,,0,0,0,0,0/0,8/19
184,,,0,0,0,0,0/0,8/26
185,,-,-,-,-,-,-/-,9/2
186,,,0,0,1,0,0/0,9/17
187,,,0,0,0,0,0/0,9/24
188,,,0,0,0,0,1/0,9/30
189,,,0,0,0,0,0/0,10/7
190,,,0,0,0,0,0/0,10/21
191,,,0,0,0,0,0/0,10/28
192,,-,-,-,-,-,-/-,11/4
193,,,0,0,0,0,0/0,11/11
194,,,0,0,0,0,1/0,11/25
195,,,0,0,0,0,0/0,12/3
196,,,0,0,0,0,1/0,12/6
197,,,1,0,0,2,1/0,12/9
198,,,12/16,,,12/23,,
199,12/26,,,12/31,,,1/21,
200,,1/30,,,2/3,,,2/10
201,,,2/17,,,2/24,,
202,3/2,,,3/9,,,3/16,
203,,3/30,,,4/2,,,4/6
204,,,4/13,,,4/20,,
205,4/27,,,5/4,,,5/11,
206,,5/19,,,8/12,,,0
207,0,0,0,0/0,8/19,,,0
208,0,0,0,0/0,8/26,,,0
209,0,0,0,0/0,9/2,,,0
210,0,0,0,0/0,9/17,,,0
211,0,0,0,0/0,9/24,,,0
212,0,0,1,1/0,9/30,,,0
213,0,0,0,0/0,10/7,,,0
214,0,0,1,0/0,10/21,,,0
215,0,0,0,1/0,10/28,,,0
216,0,0,0,0/0,11/4,,,0
217,0,0,0,0/0,11/11,,,0
218,0,0,0,0/0,11/25,,,0
219,0,0,0,0/0,12/3,,,0
220,0,0,1,0/0,12/6,,,0
221,0,0,0,1/0,12/9,,,12/16
222,,,12/23,,,12/26,,
223,12/31,,,1/21,,,1/30,
224,,2/3,,,2/10,,,2/17
225,,,2/24,,,3/2,,
226,3/9,,,3/16,,,3/30,
227,,4/2,,,4/6,,,4/13
228,,,4/20,,,4/27,,
229,5/4,,,5/11,,,5/19,
230,,8/12,,,0,0,0,0
231,0/0,8/19,,,0,0,0,0
232,0/0,8/26,,,0,0,0,0
233,0/0,9/2,,,0,0,0,0
234,1/0,9/17,,,0,0,0,0
235,0/0,9/24,,,0,0,0,0
236,0/0,9/30,,,0,0,0,0
237,0/0,10/7,,,0,0,0,0
238,0/0,10/21,,,0,0,0,0
239,0/0,10/28,,,0,0,0,0
240,0/0,11/4,,,0,0,1,0
241,0/0,11/11,,,0,0,0,0
242,0/0,11/25,,-,-,-,-,-
243,-/-,12/3,,-,-,-,-,-
244,-/-,12/6,,-,-,-,-,-
245,-/-,12/9,,,12/16,,,12/23
246,,,12/26,,,12/31,,
247,1/21,,,1/30,,,2/3,
248,,2/10,,,2/17,,,2/24
249,,,3/2,,,3/9,,
250,3/16,,,3/30,,,4/2,
251,,4/6,,,4/13,,,4/20
252,,,4/27,,,5/4,,
253,5/11,,,5/19,,,8/5,
254,-,-,-,-,-/-,8/12,,-
255,-,-,-,-/-,8/20,,-,-
256,-,-,-/-,8/26,,-,-,-
257,-,-/-,9/2,,-,-,-,-
258,-/-,9/16,,-,-,-,-,-/-
259,9/20,,-,-,-,-,-/-,9/23
260,,-,-,-,-,-/-,9/30,
261,-,-,-,-,-/-,10/4,,-
262,-,-,-,-/-,10/7,,-,-
263,-,-,-/-,10/21,,-,-,-
264,-,-/-,10/24,,-,-,-,-
265,-/-,10/28,,-,-,-,-,-/-
266,11/5,,-,-,-,-,-/-,11/11
267,,-,-,-,-,-/-,11/25,
268,-,-,-,-,-/-,11/28,,-
269,-,-,-,-/-,12/3,,-,-
270,-,-,-/-,12/9,,,12/13,
271,,12/16,,,12/23,,,12/26
272,,,12/29,,,1/1,,
273,1/12,,,1/20,,,1/27,
274,,2/3,,,2/10,,,2/13
275,,,2/17,,,2/24,,
276,3/2,,,3/6,,,3/9,
277,,3/16,,,3/29,,,4/1
278,,,4/6,,,4/9,,
279,4/13,,,4/20,,,4/27,
280,,5/4,,,8/12,,,0
281,0,0,0,0/0,8/19,,,0
282,0,0,0,0/0,8/26,,,0
283,0,0,0,0/0,9/2,,,0
284,0,0,0,0/0,9/17,,,0
285,0,0,0,1/0,9/24,,,0
286,0,0,1,0/0,9/30,,,0
287,0,0,0,0/0,10/7,,,0
288,0,0,1,0/0,10/21,,,0
289,0,0,0,0/0,10/28,,,0
290,0,0,1,0/0,11/4,,,0
291,0,0,0,0/0,11/11,,-,-
292,-,-,-,-/-,11/25,,,0
293,0,0,1,0/0,12/3,,,0
294,0,1,0,1/0,12/6,,,0
295,0,0,0,0/0,12/9,,,12/16
296,,,12/23,,,12/26,,
297,12/31,,,1/21,,,1/30,
298,,2/3,,,2/10,,,2/17
299,,,2/24,,,3/2,,
300,3/9,,,3/16,,,3/30,
301,,4/2,,,4/6,,,4/13
302,,,4/20,,,4/27,,
303,5/4,,,5/11,,,5/19,
304,,8/13,,-,-,-,-,-/-
305,8/20,,-,-,-,-,-/-,9/3
306,,-,-,-,-,-/-,9/17,
307,-,-,-,-,-/-,9/24,,-
308,-,-,-,-/-,9/28,,-,-
309,-,-,-/-,10/1,,-,-,-
310,-,-/-,10/8,,-,-,-,-
311,-/-,10/21,,-,-,-,-,-/-
312,10/29,,-,-,-,-,-/-,11/4
313,,-,-,-,-,-/-,11/12,
314,-,-,-,-,-/-,11/26,,-
315,-,-,-,-/-,12/3,,-,-
316,-,-,-/-,12/9,,,12/17,
317,,1/13,,,1/20,,,1/28
318,,,2/4,,,2/10,,
319,2/17,,,2/24,,,3/2,
320,,3/9,,,3/16,,,3/30
321,,,4/2,,,4/6,,
322,4/13,,,4/28,,,5/4,
323,,5/12,,,5/19,,,8/12
324,,-,-,-,-,-,-/-,8/19
325,,-,-,-,-,-,-/-,8/26
326,,,0,0,0,1,0/0,9/2
327,,,0,0,0,0,0/0,9/17
328,,,0,0,0,0,0/0,9/24
329,,,0,0,0,0,0/0,9/30
330,,,0,0,0,0,0/0,10/7
331,,,0,0,0,0,0/0,10/21
332,,,0,0,0,0,0/1,10/28
333,,-,-,-,-,-,-/-,11/4
334,,-,-,-,-,-,-/-,11/11
335,,,0,0,0,0,1/0,11/25
336,,,0,0,0,0,0/0,12/3
337,,,0,0,0,0,0/0,12/6
338,,,0,0,0,0,0/0,12/9
339,,,12/16,,,12/23,,
340,12/26,,,12/31,,,1/21,
341,,1/30,,,2/3,,,2/10
342,,,2/17,,,2/24,,
343,3/2,,,3/9,,,3/16,
344,,3/30,,,4/2,,,4/6
345,,,4/13,,,4/20,,
346,4/27,,,5/4,,,5/11,
347,,5/19,,,8/12,,,0
348,0,0,4,0/0,8/19,,,0
349,0,0,0,0/0,8/26,,,0
350,0,0,0,0/0,9/2,,,1
351,0,0,2,0/0,9/17,,,0
352,0,0,0,0/0,9/24,,,0
353,0,0,1,1/0,9/30,,-,-
354,-,-,-,-/-,10/7,,,0
355,0,0,0,0/0,10/21,,,0
356,0,0,1,0/0,10/28,,-,-
357,-,-,-,-/-,11/4,,-,-
358,-,-,-,-/-,11/11,,-,-
359,-,-,-,-/-,11/25,,,0
360,0,0,0,0/0,12/3,,-,-
361,-,-,-,-/-,12/6,,-,-
362,-,-,-,-/-,12/9,,,12/16
363,,,12/23,,,12/26,,
364,12/31,,,1/21,,,1/30,
365,,2/3,,,2/10,,,2/17
366,,,2/24,,,3/2,,
367,3/9,,,3/16,,,3/30,
368,,4/2,,,4/6,,,4/13
369,,,4/20,,,4/27,,
370,5/4,,,5/11,,,5/19,
371,,8/12,,,0,0,0,1
372,0/0,8/19,,,0,0,0,0
373,0/0,8/26,,,0,0,0,0
374,0/0,9/2,,-,-,-,-,-
375,-/-,9/17,,-,-,-,-,-
376,-/-,9/24,,-,-,-,-,-
377,-/-,9/30,,,0,0,0,0
378,0/0,10/7,,,0,0,0,0
379,0/0,10/21,,,0,0,0,1
380,0/0,10/28,,,0,0,0,0
381,0/0,11/4,,,0,0,0,0
382,0/0,11/11,,,0,0,0,0
383,0/0,11/25,,-,-,-,-,-
384,-/-,12/3,,-,-,-,-,-
385,-/-,12/6,,-,-,-,-,-
386,-/-,12/9,,,12/16,,,12/23
387,,,12/26,,,12/31,,
388,1/21,,,1/30,,,2/3,
389,,2/10,,,2/17,,,2/24
390,,,3/2,,,3/9,,
391,3/16,,,3/30,,,4/2,
392,,4/6,,,4/13,,,4/20
393,,,4/27,,,5/4,,
394,5/11,,,5/19,,,8/12,
395,,0,0,0,1,0/0,8/19,
396,,0,0,0,0,0/0,8/26,
397,,0,0,0,1,0/0,9/2,
398,,0,0,0,2,0/0,9/17,
399,,0,0,0,2,0/0,9/24,
400,,0,0,1,1,0/0,9/30,
401,,0,0,0,0,0/0,10/7,
402,,0,0,0,0,0/0,10/21,
403,,0,0,0,1,0/0,10/28,
404,,0,0,0,0,0/0,11/4,
405,,0,0,0,0,0/0,11/11,
406,,0,0,0,2,0/0,11/25,
407,,0,0,0,0,0/0,12/3,
408,,0,0,1,1,1/0,12/6,
409,,0,0,0,0,0/0,12/9,
410,,12/16,,,12/23,,,12/26
411,,,12/31,,,1/21,,
412,1/30,,,2/3,,,2/10,
413,,2/17,,,2/24,,,3/2
414,,,3/9,,,3/16,,
415,3/30,,,4/2,,,4/6,
416,,4/13,,,4/20,,,4/27
417,,,5/4,,,5/11,,
418,5/19,,,8/12,,-,-,-
419,-,-,-/-,8/19,,-,-,-
420,-,-,-/-,8/26,,-,-,-
421,-,-,-/-,9/2,,-,-,-
422,-,-,-/-,9/17,,-,-,-
423,-,-,-/-,9/24,,-,-,-
424,-,-,-/-,9/30,,-,-,-
425,-,-,-/-,10/7,,-,-,-
426,-,-,-/-,10/21,,,0,0
427,0,0,1/0,10/28,,,0,0
428,0,1,0/0,11/4,,,0,0
429,0,1,0/0,11/11,,-,-,-
430,-,-,-/-,11/25,,-,-,-
431,-,-,-/-,12/3,,-,-,-
432,-,-,-/-,12/6,,-,-,-
433,-,-,-/-,12/9,,,12/16,
434,,12/23,,,12/26,,,12/31
435,,,1/21,,,1/30,,
436,2/3,,,2/10,,,2/17,
437,,2/24,,,3/2,,,3/9
438,,,3/16,,,3/30,,
439,4/2,,,4/6,,,4/13,
440,,4/20,,,4/27,,,5/4
441,,,5/11,,,5/19,,
442,8/5,,-,-,-,-,-/-,8/12
443,,-,-,-,-,-/-,8/19,
444,-,-,-,-,-/-,8/25,,-
445,-,-,-,-/-,9/2,,-,-
446,-,-,-/-,9/16,,-,-,-
447,-,-/-,9/19,,-,-,-,-
448,-/-,9/23,,-,-,-,-,-/-
449,9/30,,-,-,-,-,-/-,10/4
450,,-,-,-,-,-/-,10/7,
451,-,-,-,-,-/-,10/21,,-
452,-,-,-,-/-,10/25,,-,-
453,-,-,-/-,10/28,,-,-,-
454,-,-/-,11/4,,-,-,-,-
455,-/-,11/11,,-,-,-,-,-/-
456,11/25,,-,-,-,-,-/-,11/29
457,,-,-,-,-,-/-,12/3,
458,-,-,-,-,-/-,12/9,,
459,12/12,,,12/16,,,12/22,
460,,12/26,,,12/29,,,1/1
461,,,1/13,,,1/20,,
462,1/27,,,2/3,,,2/10,
463,,2/13,,,2/17,,,2/24
464,,,3/2,,,3/5,,
465,3/10,,,3/16,,,3/29,
466,,4/1,,,4/6,,,4/10
467,,,4/13,,,4/20,,
468,4/27,,,5/4,,,8/12,
469,-,-,-,-,-,-/-,8/19,
470,-,-,-,-,-,-/-,8/26,
471,-,-,-,-,-,-/-,9/2,
472,,0,0,1,0,0/0,9/17,
473,,0,0,0,2,0/0,9/24,
474,,0,0,0,0,0/0,9/30,
475,,0,0,0,0,0/0,10/7,
476,,0,0,0,1,0/0,10/21,
477,,0,0,0,0,0/0,10/28,
478,,0,0,0,3,0/0,11/4,
479,,0,0,0,0,0/0,11/11,
480,,0,0,0,2,0/0,11/25,
481,,2,0,0,4,0/0,12/3,
482,,0,0,0,0,0/0,12/6,
483,,0,0,0,0,0/0,12/9,
484,,12/16,,,12/23,,,12/26
485,,,12/31,,,1/21,,
486,1/30,,,2/3,,,2/10,
487,,2/17,,,2/24,,,3/2
488,,,3/9,,,3/16,,
489,3/30,,,4/2,,,4/6,
490,,4/13,,,4/20,,,4/27
491,,,5/4,,,5/11,,
492,5/19,,,8/12,,-,-,-
493,-,-/-,8/19,,-,-,-,-
494,-/-,8/26,,-,-,-,-,-/-
495,9/2,,-,-,-,-,-/-,9/17
496,,-,-,-,-,-/-,9/24,
497,-,-,-,-,-/-,9/30,,-
498,-,-,-,-/-,10/7,,-,-
499,-,-,-/-,10/21,,-,-,-
500,-,-/-,10/28,,-,-,-,-
501,-/-,11/4,,-,-,-,-,-/-
502,11/11,,-,-,-,-,-/-,11/25
503,,-,-,-,-,-/-,12/3,
504,-,-,-,-,-/-,12/6,,-
505,-,-,-,-/-,12/9,,,12/16
506,,,12/23,,,12/26,,
507,12/31,,,1/21,,,1/30,
508,,2/3,,,2/10,,,2/17
509,,,2/24,,,3/2,,
510,3/9,,,3/16,,,3/30,
511,,4/2,,,4/6,,,4/13
512,,,4/20,,,4/27,,
513,5/4,,,5/11,,,5/19,
514,,8/6,,-,-,-,-,-/-
515,8/12,,-,-,-,-,-/-,8/18
516,,-,-,-,-,-/-,8/26,
517,-,-,-,-,-/-,9/2,,-
518,-,-,-,-/-,9/17,,-,-
519,-,-,-/-,9/20,,-,-,-
520,-,-/-,9/23,,-,-,-,-
521,-/-,9/30,,-,-,-,-,-/-
522,10/4,,-,-,-,-,-/-,10/7
523,,-,-,-,-,-/-,10/21,
524,-,-,-,-,-/-,10/25,,-
525,-,-,-,-/-,10/28,,-,-
526,-,-,-/-,11/3,,-,-,-
527,-,-/-,11/11,,-,-,-,-
528,-/-,11/24,,-,-,-,-,-/-
529,11/29,,-,-,-,-,-/-,12/2
530,,-,-,-,-,-/-,12/9,
531,,12/12,,,12/16,,,12/23
532,,,12/26,,,12/29,,
533,1/1,,,1/13,,,1/21,
534,,1/27,,,2/3,,,2/10
535,,,2/13,,,2/17,,
536,2/24,,,3/2,,,3/5,
537,,3/9,,,3/16,,,3/29
538,,,4/1,,,4/6,,
539,4/9,,,4/13,,,4/20,
540,,4/27,,,5/4,,,8/12
541,,-,-,-,-,-,-/-,8/19
542,,,0,0,0,0,0/0,8/26
543,,,0,0,0,0,0/0,9/2
544,,-,-,-,-,-,-/-,9/17
545,,-,-,-,-,-,-/-,9/24
546,,,0,0,0,0,0/0,9/30
547,,-,-,-,-,-,-/-,10/7
548,,-,-,-,-,-,-/-,10/21
549,,-,-,-,-,-,-/-,10/28
550,,-,-,-,-,-,-/-,11/4
551,,-,-,-,-,-,-/-,11/11
552,,-,-,-,-,-,-/-,11/25
553,,-,-,-,-,-,-/-,12/3
554,,-,-,-,-,-,-/-,12/6
555,,-,-,-,-,-,-/-,12/9
556,,,12/16,,,12/23,,
557,12/26,,,12/31,,,1/21,
558,,1/30,,,2/3,,,2/10
559,,,2/17,,,2/24,,
560,3/2,,,3/9,,,3/16,
561,,3/30,,,4/2,,,4/6
562,,,4/13,,,4/20,,
563,4/27,,,5/4,,,5/11,
564,,5/19,,,8/12,,-,-
565,-,-,-/-,8/19,,-,-,-
566,-,-/-,8/26,,-,-,-,-
567,-/-,9/2,,-,-,-,-,-/-
568,9/17,,-,-,-,-,-/-,9/24
569,,-,-,-,-,-/-,9/30,
570,-,-,-,-,-/-,10/7,,-
571,-,-,-,-/-,10/21,,-,-
572,-,-,-/-,10/28,,-,-,-
573,-,-/-,11/4,,-,-,-,-
574,-/-,11/11,,-,-,-,-,-/-
575,11/25,,-,-,-,-,-/-,12/3
576,,-,-,-,-,-/-,12/6,
577,-,-,-,-,-/-,12/9,,
578,12/16,,,12/23,,,12/26,
579,,12/31,,,1/21,,,1/30
580,,,2/3,,,2/10,,
581,2/17,,,2/24,,,3/2,
582,,3/9,,,3/16,,,3/30
583,,,4/2,,,4/6,,
584,4/13,,,4/20,,,4/27,
585,,5/4,,,5/11,,,5/19
586,,,8/12,,,0,0,0
587,1,0/0,8/19,,,0,0,0
588,0,0/0,8/26,,,0,0,0
589,2,0/0,9/2,,,0,0,0
590,1,0/0,9/17,,,0,0,0
591,0,0/0,9/24,,,0,0,0
592,1,0/0,9/30,,,0,0,0
593,2,0/0,10/7,,,0,0,0
594,0,0/0,10/21,,,0,0,1
595,1,0/0,10/28,,,1,0,0
596,2,1/0,11/4,,,0,0,0
597,0,1/0,11/11,,-,-,-,-
598,-,-/-,11/25,,,0,0,0
599,0,1/0,12/3,,,0,0,0
600,0,0/0,12/6,,,0,0,1
601,0,0/0,12/9,,,12/16,,
602,12/23,,,12/26,,,12/31,
603,,1/21,,,1/30,,,2/3
604,,,2/10,,,2/17,,
605,2/24,,,3/2,,,3/9,
606,,3/16,,,3/30,,,4/2
607,,,4/6,,,4/13,,
608,4/20,,,4/27,,,5/4,
609,,5/11,,,5/19,,,8/12
610,,,1,0,0,3,0/0,8/19
611,,,0,0,1,1,0/0,8/26
612,,,0,0,0,1,0/0,9/2
613,,,1,0,0,2,0/0,9/17
614,,,0,0,0,0,0/0,9/24
615,,,1,0,0,1,0/0,9/30
616,,,0,0,0,1,0/0,10/7
617,,,0,0,0,2,1/0,10/21
618,,,1,0,0,2,0/0,10/28
619,,,0,0,0,2,0/0,11/4
620,,,0,0,0,2,0/0,11/11
621,,,2,0,0,3,0/0,11/25
622,,,0,0,0,4,0/0,12/3
623,,,1,0,0,3,0/0,12/6
624,,,0,0,0,1,0/0,12/9
625,,,12/16,,,12/23,,
626,12/26,,,12/31,,,1/21,
627,,1/30,,,2/3,,,2/10
628,,,2/17,,,2/24,,
629,3/2,,,3/9,,,3/16,
630,,3/30,,,4/2,,,4/6
631,,,4/13,,,4/20,,
632,4/27,,,5/4,,,5/11,
633,,5/19,,,8/12,,-,-
634,-,-,-,-/-,8/19,,-,-
635,-,-,-,-/-,8/26,,-,-
636,-,-,-,-/-,9/2,,-,-
637,-,-,-,-/-,9/17,,,0
638,0,0,2,0/0,9/24,,,0
639,0,0,0,0/0,9/30,,,0
640,0,0,1,0/0,10/7,,,0
641,0,0,1,0/0,10/21,,,0
642,0,0,0,0/0,10/28,,,0
643,0,0,0,1/0,11/4,,-,-
644,-,-,-,-/-,11/11,,,0
645,0,0,1,0/0,11/25,,-,-
646,-,-,-,-/-,12/3,,,0
647,0,0,0,0/0,12/6,,,0
648,0,0,0,1/0,12/9,,,12/16
649,,,12/23,,,12/26,,
650,12/31,,,1/21,,,1/30,
651,,2/3,,,2/10,,,2/17
652,,,2/24,,,3/2,,
653,3/9,,,3/16,,,3/30,
654,,4/2,,,4/6,,,4/13
655,,,4/20,,,4/27,,
656,5/4,,,5/11,,,5/19,
657,,8/12,,-,-,-,-,-
658,-/-,8/19,,-,-,-,-,-
659,-/-,8/26,,-,-,-,-,-
660,-/-,9/2,,-,-,-,-,-
661,-/-,9/17,,,0,0,0,0
662,0/0,9/24,,-,-,-,-,-
663,-/-,9/30,,,0,0,0,0
664,0/0,10/7,,,0,0,0,0
665,0/0,10/21,,-,-,-,-,-
666,-/-,10/28,,-,-,-,-,-
667,-/-,11/4,,,1,0,0,1
668,0/0,11/11,,,0,0,0,4
669,0/0,11/25,,,0,0,0,1
670,0/0,12/3,,,0,0,0,0
671,0/0,12/6,,,0,0,1,1
672,0/0,12/9,,,12/16,,,12/23
673,,,12/26,,,12/31,,
674,1/21,,,1/30,,,2/3,
675,,2/10,,,2/17,,,2/24
676,,,3/2,,,3/9,,
677,3/16,,,3/30,,,4/2,
678,,4/6,,,4/13,,,4/20
679,,,4/27,,,5/4,,
680,5/11,,,5/19,,,8/6,
681,,0,0,0,-,0/0,8/12,
682,-,-,-,-,-,-/-,8/18,
683,-,-,-,-,-,-/-,8/26,
684,,1,0,0,-,0/0,9/2,
685,-,-,-,-,-,-/-,9/17,
686,-,-,-,-,-,-/-,9/20,
687,-,-,-,-,-,-/-,9/23,
688,-,-,-,-,-,-/-,9/30,
689,-,-,-,-,-,-/-,10/4,
690,-,-,-,-,-,-/-,10/7,
691,-,-,-,-,-,-/-,10/21,
692,-,-,-,-,-,-/-,10/25,
693,-,-,-,-,-,-/-,10/28,
694,-,-,-,-,-,-/-,11/3,
695,-,-,-,-,-,-/-,11/11,
696,-,-,-,-,-,-/-,11/24,
697,-,-,-,-,-,-/-,11/29,
698,-,-,-,-,-,-/-,12/2,
699,-,-,-,-,-,-/-,12/9,
700,,12/12,,,12/16,,,12/23
701,,,12/26,,,12/29,,
702,1/1,,,1/13,,,1/21,
703,,1/27,,,2/3,,,2/10
704,,,2/13,,,2/17,,
705,2/24,,,3/2,,,3/5,
706,,3/9,,,3/16,,,3/29
707,,,4/1,,,4/6,,
708,4/9,,,4/13,,,4/20,
709,,4/27,,,5/4,,,8/12
710,,,0,0,0,0,0/0,8/19
711,,,0,0,0,0,0/0,8/26
712,,,0,0,0,1,0/0,9/2
713,,,0,0,0,1,0/0,9/17
714,,,0,0,0,0,0/0,9/24
715,,,0,0,0,0,0/0,9/30
716,,,0,0,0,0,0/0,10/7
717,,-,-,-,-,-,-/-,10/21
718,,-,-,-,-,-,-/-,10/28
719,,-,-,-,-,-,-/-,11/4
720,,,0,0,0,0,0/0,11/11
721,,,0,0,0,1,0/0,11/25
722,,,1,0,0,1,0/0,12/3
723,,,0,0,0,1,1/0,12/6
724,,,0,0,0,1,0/0,12/9
725,,,12/16,,,12/23,,
726,12/26,,,12/31,,,1/21,
727,,1/30,,,2/3,,,2/10
728,,,2/17,,,2/24,,
729,3/2,,,3/9,,,3/16,
730,,3/30,,,4/2,,,4/6
731,,,4/13,,,4/20,,
732,4/27,,,5/4,,,5/11,
733,,5/19,,,8/12,,,0
734,0,0,0,0/0,8/19,,,0
735,0,0,0,0/0,8/26,,,0
736,0,0,0,0/0,9/2,,-,-
737,-,-,-,-/-,9/17,,-,-
738,-,-,-,-/-,9/24,,-,-
739,-,-,-,-/-,9/30,,-,-
740,-,-,-,-/-,10/7,,,0
741,0,0,1,0/0,10/21,,,0
742,0,0,0,0/0,10/28,,-,-
743,-,-,-,-/-,11/4,,-,-
744,-,-,-,-/-,11/11,,-,-
745,-,-,-,-/-,11/25,,-,-
746,-,-,-,-/-,12/3,,-,-
747,-,-,-,-/-,12/6,,,1
748,0,0,1,0/0,12/9,,,12/16
749,,,12/23,,,12/26,,
750,12/31,,,1/21,,,1/30,
751,,2/3,,,2/10,,,2/17
752,,,2/24,,,3/2,,
753,3/9,,,3/16,,,3/30,
754,,4/2,,,4/6,,,4/13
755,,,4/20,,,4/27,,
756,5/4,,,5/11,,,5/19,
757,,8/12,,,0,0,0,1
758,0/0,8/19,,,1,0,0,1
759,1/0,8/26,,,0,0,0,2
760,0/0,9/2,,,0,0,0,3
761,0/0,9/17,,-,-,-,-,-
762,-/-,9/24,,,0,0,0,3
763,0/0,9/30,,,0,0,0,0
764,0/0,10/7,,-,-,-,-,-
765,-/-,10/21,,-,-,-,-,-
766,-/-,10/28,,,1,0,0,2
767,0/0,11/4,,,0,0,0,0
768,0/0,11/11,,,0,0,0,3
769,0/0,11/25,,,0,0,1,2
770,0/0,12/3,,,1,0,0,4
771,1/0,12/6,,,0,0,0,1
772,0/0,12/9,,,12/16,,,12/23
773,,,12/26,,,12/31,,
774,1/21,,,1/30,,,2/3,
775,,2/10,,,2/17,,,2/24
776,,,3/2,,,3/9,,
777,3/16,,,3/30,,,4/2,
778,,4/6,,,4/13,,,4/20
779,,,4/27,,,5/4,,
780,5/11,,,5/19,,,8/12,
781,-,-,-,-,-/-,8/19,,-
782,-,-,-,-/-,8/26,,-,-
783,-,-,-/-,9/2,,-,-,-
784,-,-/-,9/17,,-,-,-,-
785,-/-,9/24,,-,-,-,-,-/-
786,9/30,,-,-,-,-,-/-,10/7
787,,-,-,-,-,-/-,10/21,
788,-,-,-,-,-/-,10/28,,-
789,-,-,-,-/-,11/4,,-,-
790,-,-,-/-,11/11,,-,-,-
791,-,-/-,11/25,,-,-,-,-
792,-/-,12/3,,-,-,-,-,-/-
793,12/6,,-,-,-,-,-/-,12/9
794,,,12/16,,,12/23,,
795,12/26,,,12/31,,,1/21,
796,,1/30,,,2/3,,,2/10
797,,,2/17,,,2/24,,
798,3/2,,,3/9,,,3/16,
799,,3/30,,,4/2,,,4/6
800,,,4/13,,,4/20,,
801,4/27,,,5/4,,,5/11,
802,,5/19,,,,,,
